8c3231d013985a3125907650946e36fc1bde59c7,DELETE,regular-file,.next/BUILD_ID,21,
64848eb3f9f221cd09f9d85b1297174f30ad0d58,DELETE,regular-file,.next/app-build-manifest.json,3040,
88b4ff10ba6aaa4aa5794d28b69f40a0c7406c99,DELETE,regular-file,.next/app-path-routes-manifest.json,1826,
60ecf46e763bd0b8861e0206e14da1b412972583,DELETE,regular-file,.next/build-manifest.json,917,
2e8512486ee3f77ee11c4316c4d7feb8161ee5f6,DELETE,regular-file,.next/cache/.previewinfo,262,
c6a32f5d1553954ed5f94afffe87d35d20326099,DELETE,regular-file,.next/cache/.rscinfo,102,
ee1ddc99f7b1f594d6508739b58d42716a9ebbc0,DELETE,regular-file,.next/cache/chrome-devtools-workspace-uuid,36,
b7ca5cd129c567caf16e2fd3a285bc24b2d2e6a5,DELETE,regular-file,.next/cache/images/95zM-ifLS-878N6zEQEKfPq-5I09Mjl-Jw_Ht1WPSX0/60.1758023666098.zSjN5sG9fIetQzLMqFtrdrdS3O7jcBZnRp6CRQegITc.Vy8iMmJlZTktMTk5MmNkMjM3ZTki.webp,11808,
f6308220e1e74f9a1b24baa6b9d2eb49e700ab99,DELETE,regular-file,.next/cache/images/vUFRT4gHivJT5dghBxK8bSZPyY_DHbjbe47uyw9kpog/60.1758072505550.a5UU9zKpuDTLJiK7oAgb8DbYOQ1yeIXBGBCoYOyRtbg.Vy8iMmJlZTktMTk5MmNkMjM3ZTki.webp,79328,
9e26dfeeb6e641a33dae4961196235bdb965b21b,DELETE,regular-file,.next/cache/next-devtools-config.json,2,
a6c0459268ba9b6c2a7f2d2db25ad0f4ad533037,DELETE,regular-file,.next/cache/webpack/client-production/0.pack,25496925,
2dff13b9edc92e19ee97ec4c45c55b013c23bfb1,DELETE,regular-file,.next/cache/webpack/client-production/1.pack,19659672,
b3b4d3060252023ba4e9bc0a0b9ccc32c59f329a,DELETE,regular-file,.next/cache/webpack/client-production/10.pack,21559,
769cb083c44b29b5e9a8a04cf9272a6063644c3a,DELETE,regular-file,.next/cache/webpack/client-production/11.pack,3704037,
b672f02d0d7ef1d0b8755fc9863aad6cd2aba2aa,DELETE,regular-file,.next/cache/webpack/client-production/12.pack,2908514,
2eeacad62e44b711329058ad36f2ea618131af21,DELETE,regular-file,.next/cache/webpack/client-production/2.pack,33663,
0fd9e6c6f144adb51d9e74105eccadb58de161d4,DELETE,regular-file,.next/cache/webpack/client-production/3.pack,3990,
5f87f4da9d182b1302d1c0944a14ddff97e399f7,DELETE,regular-file,.next/cache/webpack/client-production/4.pack,14779,
2cdfcbd1638362661fdbbbd34ac2228e4e19c752,DELETE,regular-file,.next/cache/webpack/client-production/5.pack,143640,
1c2697c1f80f74826cea2e81cfd89462ff33eaa0,DELETE,regular-file,.next/cache/webpack/client-production/6.pack,12883,
a9f373dce5a452d14ca4cf3ad0e9aebddaba0035,DELETE,regular-file,.next/cache/webpack/client-production/7.pack,122484,
d8debe8e3e616c1b1b6386eb66cece0ffbcb925e,DELETE,regular-file,.next/cache/webpack/client-production/8.pack,21491,
f592d9f7b1e4dbaf0d48d496a4d4a643f1bf6bde,DELETE,regular-file,.next/cache/webpack/client-production/9.pack,8139046,
6298b24e57e29b9909a0797a435cab195a5af14d,DELETE,regular-file,.next/cache/webpack/client-production/index.pack,6605412,
979f5d2376c7ddbb624edbb2791596db3666b98f,DELETE,regular-file,.next/cache/webpack/client-production/index.pack.old,6575641,
39061eb73555c35072e1f5121f2eceb21a163eb4,DELETE,regular-file,.next/cache/webpack/edge-server-production/0.pack,17746176,
6fe2d29ad261e9a0b12c3ea8c68fb38746c0b808,DELETE,regular-file,.next/cache/webpack/edge-server-production/1.pack,115734,
85409f057cfa8ce94abc677b32fe17f42808c0e6,DELETE,regular-file,.next/cache/webpack/edge-server-production/index.pack,992645,
a0fab5513e1aea33fccbd734995418265f52c8af,DELETE,regular-file,.next/cache/webpack/edge-server-production/index.pack.old,992615,
8e15cdb462a4d8dd43361a1dbedfedd3db259ca4,DELETE,regular-file,.next/cache/webpack/server-production/0.pack,60601772,
bcd36641cc59e4eb9f993a79a50b476a219839d2,DELETE,regular-file,.next/cache/webpack/server-production/1.pack,8349019,
883391a9767505c479b5869b30d2c463657f6ce9,DELETE,regular-file,.next/cache/webpack/server-production/10.pack,680077,
9a671e26f7d667fcf0ebd60f4b311bff2c3c682d,DELETE,regular-file,.next/cache/webpack/server-production/2.pack,6646397,
eb60d2ae14bca7adb54024ddfaab7222686ae578,DELETE,regular-file,.next/cache/webpack/server-production/3.pack,1444897,
4d505ba808404bc845221d492ca6c366affffa43,DELETE,regular-file,.next/cache/webpack/server-production/4.pack,22740,
4a4459ae2f769253f9c280987fb4ed8221c5cd8e,DELETE,regular-file,.next/cache/webpack/server-production/5.pack,105325,
1bc6f6c06f750b4e7450a9b3f05df155b6a2c077,DELETE,regular-file,.next/cache/webpack/server-production/6.pack,227985,
c26e158e6aeffb2c9a17238b6ae28a043143d9cb,DELETE,regular-file,.next/cache/webpack/server-production/7.pack,26148191,
33ba1d4caaa362bfda3c1b7beb3edea70bc04932,DELETE,regular-file,.next/cache/webpack/server-production/8.pack,17591,
5d07c5dbb440798daa24944c4c0a73ddda0b8a83,DELETE,regular-file,.next/cache/webpack/server-production/9.pack,57029124,
9a9de6b17257173f194f0a48b9c122f40f184802,DELETE,regular-file,.next/cache/webpack/server-production/index.pack,24256251,
bb29d67d89e93f5bde59e3a14576bed30a8d30a1,DELETE,regular-file,.next/cache/webpack/server-production/index.pack.old,24202655,
5ccdc35a16ce991c720d178737547735008db175,DELETE,regular-file,.next/diagnostics/build-diagnostics.json,94,
f06d284650ecb42b9293e7dfa2c72b8a929e6ed3,DELETE,regular-file,.next/diagnostics/framework.json,37,
e4c41c98035a80805ce6a3a2a0449c5b20e05fa4,DELETE,regular-file,.next/export-marker.json,111,
4a87163fb29f49fef23a4049e3bc36af477032e3,DELETE,regular-file,.next/images-manifest.json,868,
d78b767e869dabaf24ef24328e7c4ed7269f2d9d,DELETE,regular-file,.next/next-minimal-server.js.nft.json,7826,
cb575e76f890bd5e47cc0ee7f2a472f3d9cb333e,DELETE,regular-file,.next/next-server.js.nft.json,120742,
7156107e3aec28c4f7cea055e4cd67b6cc1e828c,DELETE,regular-file,.next/package.json,20,
c97a8767da4231c3ee35176b4545d3f39f3ad198,DELETE,regular-file,.next/prerender-manifest.json,354,
60de19bc68f53b76e763d605ffe8de1ce0ef4805,DELETE,regular-file,.next/react-loadable-manifest.json,876,
945e3e6e0242f90f9f1cf88085695d23dd6346bb,DELETE,regular-file,.next/required-server-files.json,9267,
82631209dbe4e64585e48b78044ec53ce2be9072,DELETE,regular-file,.next/routes-manifest.json,272,
f090482e586d5669ab424917b1ec5d37d32ab2fa,DELETE,regular-file,.next/server/app-paths-manifest.json,154,
bbf058eb9ade60a1b52d22fc8fb3ee1530a1bd0b,DELETE,regular-file,.next/server/app/_not-found.html,6682,
8df490ee9b6b61f09a601f266b6e95a2bb88cfbb,DELETE,regular-file,.next/server/app/_not-found.meta,207,
4278860006b5fef26a4f0dae39a7998937db9c0f,DELETE,regular-file,.next/server/app/_not-found.rsc,3645,
9427aad7c43d3716352c333feed49ee29bbe6bed,DELETE,regular-file,.next/server/app/_not-found/page.js,2497,
5f8d47c3e2b0e84f9095fa8d8762caf88507e5a0,DELETE,regular-file,.next/server/app/_not-found/page.js.nft.json,3870,
2ab69145de9e778be05e2046d1f6aaf3e21abe24,DELETE,regular-file,.next/server/app/_not-found/page_client-reference-manifest.js,22468,
a6bccd1862a4c0e49a190d254e521c631f626db5,DELETE,regular-file,.next/server/app/api/appointments/route.js,8776,
25b20308ee42054b13fb8d5520bafc28bdff95d7,DELETE,regular-file,.next/server/app/api/appointments/route.js.nft.json,9382,
4d23a9740ed31ca62521650267408c5468735aad,DELETE,regular-file,.next/server/app/api/appointments/route_client-reference-manifest.js,11988,
75f986e18edb0f5bf1da77ad91d05d470c4c7dea,DELETE,regular-file,.next/server/app/api/auth/register/route.js,8130,
c0cd1cc54d37a784e74551d1ef5fabf5e4d029a4,DELETE,regular-file,.next/server/app/api/auth/register/route.js.nft.json,9766,
a9a167b91fda10f17cae06c4bf30ce7254453e20,DELETE,regular-file,.next/server/app/api/auth/register/route_client-reference-manifest.js,11991,
f382260b4b9b80840cd5ae1b937a5be68db59d21,DELETE,regular-file,.next/server/app/api/auth/signup/route.js,7352,
c0cd1cc54d37a784e74551d1ef5fabf5e4d029a4,DELETE,regular-file,.next/server/app/api/auth/signup/route.js.nft.json,9766,
3f1229ef165e36edec79c7805d0d7c9a0c38ec9a,DELETE,regular-file,.next/server/app/api/auth/signup/route_client-reference-manifest.js,11987,
c7466dcaf8fe62ae1b9f649cce214201fd111db4,DELETE,regular-file,.next/server/app/api/messages/conversations/route.js,876,
e46b0eceedd278e1c3ffad9bf0c6a391d4507557,DELETE,regular-file,.next/server/app/api/messages/conversations/route.js.nft.json,9766,
a4e990e5769fc3c26fdd69228c41290e0040e72a,DELETE,regular-file,.next/server/app/api/messages/conversations/route_client-reference-manifest.js,329,
26ab95816dbd88f111676eda3ec056133e1d1d42,DELETE,regular-file,.next/server/app/api/messages/route.js,817,
de6a8780d01f9e3ab8c371f46205f10f280a13d5,DELETE,regular-file,.next/server/app/api/messages/route.js.nft.json,9382,
1f933831bd317bf717bcad2204bb37367d41878d,DELETE,regular-file,.next/server/app/api/messages/route_client-reference-manifest.js,315,
8c053d0764257b35438b5a2d2a6b3018bfad0c51,DELETE,regular-file,.next/server/app/api/register/route.js,822,
a4533dea1b036a9f5573039459e648d70eab0a45,DELETE,regular-file,.next/server/app/api/register/route.js.nft.json,9330,
8ad1bbff79a20bdf3cc6d4dc8bb4aa2f961f10ea,DELETE,regular-file,.next/server/app/api/register/route_client-reference-manifest.js,315,
75331e3b73b584ebea2ef3bfe512271048d1d71a,DELETE,regular-file,.next/server/app/api/send-sms/route.js,2361326,
c44c8e0e6dd9568f1aa7954ac6a5e309c5d290df,DELETE,regular-file,.next/server/app/api/send-sms/route.js.nft.json,4029,
4b5ac5c20133d70662fb4a57bb22d46d025dc312,DELETE,regular-file,.next/server/app/api/send-sms/route_client-reference-manifest.js,11980,
ef74eef5cbb731a395c17518f662d04e92aaaf27,DELETE,regular-file,.next/server/app/api/update-profile/route.js,7678,
25b20308ee42054b13fb8d5520bafc28bdff95d7,DELETE,regular-file,.next/server/app/api/update-profile/route.js.nft.json,9382,
83564a33a1cbb6fa9de38ce9c92c6e250558f02f,DELETE,regular-file,.next/server/app/api/update-profile/route_client-reference-manifest.js,11992,
86422f494eb410ea648367a8270aa53d9078a47b,DELETE,regular-file,.next/server/app/auth/login.html,7284,
c65a48cc1aa2351a114858f479d595330b2ee6f8,DELETE,regular-file,.next/server/app/auth/login.meta,208,
36d25b62dd192b0a544506c86052b955135a4b0b,DELETE,regular-file,.next/server/app/auth/login.rsc,4498,
ca7a45a0cdb722f8b95f15fc2b980bcce0a20d0f,DELETE,regular-file,.next/server/app/auth/login/page.js,3286,
37614f67ea699c2b3ba1b4bd80c851b802f63a4d,DELETE,regular-file,.next/server/app/auth/login/page.js.nft.json,9429,
38e56c9769194f10a9c67e8f92b08e224056e073,DELETE,regular-file,.next/server/app/auth/login/page_client-reference-manifest.js,26408,
4efbe90a9f56d546bd9d3ed1079aa7c86e6c086a,DELETE,regular-file,.next/server/app/auth/register.html,7115,
a6140fd65f8921b8f9e386aa9f44ca257ef978a0,DELETE,regular-file,.next/server/app/auth/register.meta,217,
8990e8fddf0b90e50a3d0de7c0431c1c91e6d2b5,DELETE,regular-file,.next/server/app/auth/register.rsc,4412,
9c9333b0670defecc22ef6423943ab497bc9c703,DELETE,regular-file,.next/server/app/auth/register/page.js,3304,
e7a84121066c793b05fdb87d2dd8e03d04226b55,DELETE,regular-file,.next/server/app/auth/register/page.js.nft.json,9405,
c0ef3be99c0e2c66a5660351f997aea7f0092fe2,DELETE,regular-file,.next/server/app/auth/register/page_client-reference-manifest.js,26450,
60f2d02c7bc23e30b1efd0a33e4f0c73f829659f,DELETE,regular-file,.next/server/app/auth/update-password.html,10067,
9030a050416c64544e3557391ba4f903af5d4c7c,DELETE,regular-file,.next/server/app/auth/update-password.meta,238,
b517010d6842feeee9b9ab6e58d6b982e513a058,DELETE,regular-file,.next/server/app/auth/update-password.rsc,4441,
6e0ec1e0be597f7b4faccadc831529b548fe6e29,DELETE,regular-file,.next/server/app/auth/update-password/page.js,19162,
63292c437347802375192584f492876fb35e082e,DELETE,regular-file,.next/server/app/auth/update-password/page.js.nft.json,9403,
327a93d406f6774d964f6006f174db19076af326,DELETE,regular-file,.next/server/app/auth/update-password/page_client-reference-manifest.js,12210,
e57fde374b02d0c981f8af01a0ff9d6d709cd3f4,DELETE,regular-file,.next/server/app/dashboard/admin.html,8342,
97ab7fac1a5a100432cbecdef4ccf115a3b8da24,DELETE,regular-file,.next/server/app/dashboard/admin.meta,228,
c26383753c83cdc2bb171b542865eca88e821071,DELETE,regular-file,.next/server/app/dashboard/admin.rsc,5244,
5e0a8e63ee78ecdc43b7f55c96f0b2bb9406cd4d,DELETE,regular-file,.next/server/app/dashboard/admin/appointments.html,9237,
9386c0824b1221a959274fdef10ce06fb309e829,DELETE,regular-file,.next/server/app/dashboard/admin/appointments.meta,296,
333cc05e609ac0b3f286530ae5acdc14be398983,DELETE,regular-file,.next/server/app/dashboard/admin/appointments.rsc,5816,
3ee141bb0f2d49f758ac74410ee6ad0aed7ac526,DELETE,regular-file,.next/server/app/dashboard/admin/appointments/new.html,9439,
86a1373ff6f2c00dbc9339c9c4f2729f3786ea90,DELETE,regular-file,.next/server/app/dashboard/admin/appointments/new.meta,350,
d1c504693584f1d0821d0444c2dc0ea2a4d334ca,DELETE,regular-file,.next/server/app/dashboard/admin/appointments/new.rsc,6114,
aa53ee13c127f7551fba08e1dff4cf86daf08f49,DELETE,regular-file,.next/server/app/dashboard/admin/appointments/new/page.js,4228,
0ba22ebf752f6637c9bdb383aec3a6441e89eb00,DELETE,regular-file,.next/server/app/dashboard/admin/appointments/new/page.js.nft.json,10331,
e05b18aaa1f0a58d8b4a2c2d89649b3102289c99,DELETE,regular-file,.next/server/app/dashboard/admin/appointments/new/page_client-reference-manifest.js,34570,
84df861e37328a29fb58c25850c06b8028f32236,DELETE,regular-file,.next/server/app/dashboard/admin/appointments/page.js,4097,
8e5be20013e38b136efe829b8fa0a157b115bd8c,DELETE,regular-file,.next/server/app/dashboard/admin/appointments/page.js.nft.json,9961,
d26c3a4778008282c8a99244509906ee7f218302,DELETE,regular-file,.next/server/app/dashboard/admin/appointments/page_client-reference-manifest.js,34514,
6aab470220ac771621a6f6222c2c46c69cc5a29c,DELETE,regular-file,.next/server/app/dashboard/admin/appointments/send-message.html,9302,
df636929903ccfd7a9c0bdff071deeb925df2567,DELETE,regular-file,.next/server/app/dashboard/admin/appointments/send-message.meta,377,
87b57061234c3994bd1eb9d776cabc705c1c721b,DELETE,regular-file,.next/server/app/dashboard/admin/appointments/send-message.rsc,6054,
354d133ed48699b337bc554e60a059a93e842926,DELETE,regular-file,.next/server/app/dashboard/admin/appointments/send-message/page.js,4178,
ff8605a2bfe0961fbcda3010fe09d62dfd9e3380,DELETE,regular-file,.next/server/app/dashboard/admin/appointments/send-message/page.js.nft.json,10235,
db478800f5ba92d45c8e65305010089f08229bb7,DELETE,regular-file,.next/server/app/dashboard/admin/appointments/send-message/page_client-reference-manifest.js,34726,
38a24a56245b836199231124741362b19821f04e,DELETE,regular-file,.next/server/app/dashboard/admin/inventory.html,8963,
e6ad039721aefd81b47b37530fcc882a7ecc533e,DELETE,regular-file,.next/server/app/dashboard/admin/inventory.meta,287,
16ba6e3a590ef4d199fece4ac44f5912e90aa5b4,DELETE,regular-file,.next/server/app/dashboard/admin/inventory.rsc,5709,
3bc2acf1905d272dea8ff4b7307059499c79d012,DELETE,regular-file,.next/server/app/dashboard/admin/inventory/page.js,4079,
31268d98d861adb1978819fe40fda9df3cd0c8b5,DELETE,regular-file,.next/server/app/dashboard/admin/inventory/page.js.nft.json,9903,
532409725009a7d6d7ceb152f9a68543c07c6825,DELETE,regular-file,.next/server/app/dashboard/admin/inventory/page_client-reference-manifest.js,34472,
dee6c6dd512c00e3b461be06168374381ccdeb3c,DELETE,regular-file,.next/server/app/dashboard/admin/messages.html,9218,
94c112eb3f4c5d4e58a493248ee60cfde8b53876,DELETE,regular-file,.next/server/app/dashboard/admin/messages.meta,284,
48622270ed6c40a5757fdf4a07130c5752ff79a8,DELETE,regular-file,.next/server/app/dashboard/admin/messages.rsc,5801,
930b65777228c94a9efe195d703dbd830a9bdab6,DELETE,regular-file,.next/server/app/dashboard/admin/messages/page.js,4073,
db5d6a90588636533bd41ad9fdef135b6ca4d8b4,DELETE,regular-file,.next/server/app/dashboard/admin/messages/page.js.nft.json,9961,
1b8c7ece9c15521b0947210064fda0d245bdfc02,DELETE,regular-file,.next/server/app/dashboard/admin/messages/page_client-reference-manifest.js,34458,
4d199635e362c6b69aa5968ad0312e6807a83c85,DELETE,regular-file,.next/server/app/dashboard/admin/page.js,4016,
b3aa3811980fb3582c26611644330dbafa915117,DELETE,regular-file,.next/server/app/dashboard/admin/page.js.nft.json,9481,
69686451762fe97d6afe75b07edb278edb998a96,DELETE,regular-file,.next/server/app/dashboard/admin/page_client-reference-manifest.js,34154,
17b5f707cf7c03ddf2bfaa33b38e86bb498ccc36,DELETE,regular-file,.next/server/app/dashboard/admin/patients.html,8958,
618ea8a8854aaced510da905da7ae0742502b191,DELETE,regular-file,.next/server/app/dashboard/admin/patients.meta,284,
d7b3d8857b17814b12b006bec2c226d971a5d3f6,DELETE,regular-file,.next/server/app/dashboard/admin/patients.rsc,5705,
fdc763696e434d52716ba4563e4e427c258952e9,DELETE,regular-file,.next/server/app/dashboard/admin/patients/page.js,4073,
31268d98d861adb1978819fe40fda9df3cd0c8b5,DELETE,regular-file,.next/server/app/dashboard/admin/patients/page.js.nft.json,9903,
43d3cd4b88bc3e48835cc6e4bfd91e2b475a2fc3,DELETE,regular-file,.next/server/app/dashboard/admin/patients/page_client-reference-manifest.js,34438,
b639cac58dc91a5eaf3cc3541a4287559d536786,DELETE,regular-file,.next/server/app/dashboard/admin/vaccination-cards.html,9133,
0ac4d86de329354c8d0959319fbd793ea67804e8,DELETE,regular-file,.next/server/app/dashboard/admin/vaccination-cards.meta,311,
6e81c8d73a540a461d4a0c26bbc3e1b3e5d7942f,DELETE,regular-file,.next/server/app/dashboard/admin/vaccination-cards.rsc,5789,
8bbc5ddf110446cfde2ade47cd5031ba8f041558,DELETE,regular-file,.next/server/app/dashboard/admin/vaccination-cards/page.js,35473,
7b130f5055b1e01f256ddc450bbd29e8bc38a9de,DELETE,regular-file,.next/server/app/dashboard/admin/vaccination-cards/page.js.nft.json,9932,
d68ad51d2ac25e2eb5ce78d26c45e8c1de2ee08d,DELETE,regular-file,.next/server/app/dashboard/admin/vaccination-cards/page_client-reference-manifest.js,13452,
106b5e1a24347c74999138829dc7bd20f471b28d,DELETE,regular-file,.next/server/app/dashboard/book.html,7374,
af2971377b534350cbce50f012cd89d93ddcb973,DELETE,regular-file,.next/server/app/dashboard/book.meta,225,
22c2675993bd4c256735c03aee50ba9e99203981,DELETE,regular-file,.next/server/app/dashboard/book.rsc,4665,
f288aa04995874b5eb25a021bcbfbcd64caa941d,DELETE,regular-file,.next/server/app/dashboard/book/page.js,40631,
dd677e338416c4c85cd6a0c3b2962a879193f6b5,DELETE,regular-file,.next/server/app/dashboard/book/page.js.nft.json,9353,
0deab7ffdfca102f91f0855af88062a898f99e49,DELETE,regular-file,.next/server/app/dashboard/book/page_client-reference-manifest.js,12571,
7b44e34e9606cd311e38fe940db4e9ed50ac26da,DELETE,regular-file,.next/server/app/dashboard/book/success.html,11643,
58259fe981133281b74b63a7952935cfd293c95e,DELETE,regular-file,.next/server/app/dashboard/book/success.meta,277,
d6a6eb3cd92667684a627dfa9cc17c4ff01f5166,DELETE,regular-file,.next/server/app/dashboard/book/success.rsc,8298,
7053f56f5fb0d5c32cdaad89cbd9f8ccdd24ce00,DELETE,regular-file,.next/server/app/dashboard/book/success/page.js,23829,
ac0f66565ca519f6a725666cf2b68c1a0772b1c0,DELETE,regular-file,.next/server/app/dashboard/book/success/page.js.nft.json,9832,
bf4300274db69440a756699a6f77077698b65c9c,DELETE,regular-file,.next/server/app/dashboard/book/success/page_client-reference-manifest.js,12692,
74a962acab91e2f81ad8ae0ca14b427131a51701,DELETE,regular-file,.next/server/app/dashboard/history/page.js,34387,
4ec6e368c873272542d2e38720be0b3da18c3cea,DELETE,regular-file,.next/server/app/dashboard/history/page.js.nft.json,9497,
9dfebd0ba0b392c8b893e3b185eaf1d832e62e4b,DELETE,regular-file,.next/server/app/dashboard/history/page_client-reference-manifest.js,12479,
de5500eea4eb3e33ef413b1f5c8f7397f2332f50,DELETE,regular-file,.next/server/app/dashboard/messages.html,7915,
27981318c583dc96187d81d541199409deb591a2,DELETE,regular-file,.next/server/app/dashboard/messages.meta,237,
f1da3c718d99d8abe7194cee300b3738dc7d2688,DELETE,regular-file,.next/server/app/dashboard/messages.rsc,4874,
d87966f51cbb30d292329bed9764911939fa4e49,DELETE,regular-file,.next/server/app/dashboard/messages/page.js,30786,
3cb6564fbad3debd6a919435b50462c6a19742e2,DELETE,regular-file,.next/server/app/dashboard/messages/page.js.nft.json,9455,
56e3f4082eebf1205bf278e797543f446f44ac6f,DELETE,regular-file,.next/server/app/dashboard/messages/page_client-reference-manifest.js,12775,
bf8421a7c6b5c4eca47911a0c2f0aa5e7892c67d,DELETE,regular-file,.next/server/app/dashboard/page.js,35371,
a9a7cc62e8444adcc37e1e4caf3eb679d546bb35,DELETE,regular-file,.next/server/app/dashboard/page.js.nft.json,9104,
02f6b9e1817b7740e796bb8066a70692bcc4ddad,DELETE,regular-file,.next/server/app/dashboard/page_client-reference-manifest.js,12374,
b7056b72c8cb3dc87a4969d66bb491a31d3dc028,DELETE,regular-file,.next/server/app/dashboard/user/about.html,8540,
7e0e14b5717eb903d8c324cc42d987397a67700c,DELETE,regular-file,.next/server/app/dashboard/user/about.meta,271,
aecdae3f29b2cddd7a87e633a33a84fa66eacf54,DELETE,regular-file,.next/server/app/dashboard/user/about.rsc,5420,
03d5b6fcd26b15be9cb0c4edbbe045a5223f3a71,DELETE,regular-file,.next/server/app/dashboard/user/about/page.js,3690,
6a9dddf33c526dbbaff4bad6c5dc115498b55fe7,DELETE,regular-file,.next/server/app/dashboard/user/about/page.js.nft.json,9917,
9920b8914d4e11680834d2a5bfdccc778bffc85f,DELETE,regular-file,.next/server/app/dashboard/user/about/page_client-reference-manifest.js,30076,
12a24a0003e4e6cc9f85740a657442a9d5f9b4be,DELETE,regular-file,.next/server/app/dashboard/user/book.html,8361,
1335344b44ff1b9e1085ae5eae8f2ed45163ed69,DELETE,regular-file,.next/server/app/dashboard/user/book.meta,268,
20c55980ebf8961253a2e07adc2e00ce4c15593c,DELETE,regular-file,.next/server/app/dashboard/user/book.rsc,5255,
f21d80e3dc270421bc99e2c7c21e75b58e1f3013,DELETE,regular-file,.next/server/app/dashboard/user/book/page.js,3684,
fa5d77a9168b2a8b63b1a55ceef78bfc0f2f45fc,DELETE,regular-file,.next/server/app/dashboard/user/book/page.js.nft.json,9845,
28308d5657c5d13182dd217eedea63963c6baac4,DELETE,regular-file,.next/server/app/dashboard/user/book/page_client-reference-manifest.js,30086,
07c992ac14acacd972b02a61b8946e164ad23090,DELETE,regular-file,.next/server/app/dashboard/user/history.html,8493,
1da3660e9261977e38a6110abde81ccb2976a7eb,DELETE,regular-file,.next/server/app/dashboard/user/history.meta,277,
0f70aef5a45b9f9b7379646580931c63a12734d3,DELETE,regular-file,.next/server/app/dashboard/user/history.rsc,5371,
29a7b4149cd820546f16677d5fb79ca39e1b74fa,DELETE,regular-file,.next/server/app/dashboard/user/history/page.js,3692,
6a9dddf33c526dbbaff4bad6c5dc115498b55fe7,DELETE,regular-file,.next/server/app/dashboard/user/history/page.js.nft.json,9917,
75857ac7c3c6dd77f357e204a400970b153f3864,DELETE,regular-file,.next/server/app/dashboard/user/history/page_client-reference-manifest.js,30088,
122f0595a53f8796514a1880f3bf9208c229964d,DELETE,regular-file,.next/server/app/dashboard/user/messages.html,8433,
3dbfe499fe3c55875b3b0827bb086a86e55cd2d1,DELETE,regular-file,.next/server/app/dashboard/user/messages.meta,280,
d0856a133dd2d2be32b227be7c8dde8541d147f2,DELETE,regular-file,.next/server/app/dashboard/user/messages.rsc,5319,
884513d3b98270f60ecde76258dc2a0f02d23854,DELETE,regular-file,.next/server/app/dashboard/user/messages/page.js,3708,
fa5d77a9168b2a8b63b1a55ceef78bfc0f2f45fc,DELETE,regular-file,.next/server/app/dashboard/user/messages/page.js.nft.json,9845,
a4a6e9fd354bc3390e4135b8315a20e722a02afb,DELETE,regular-file,.next/server/app/dashboard/user/messages/page_client-reference-manifest.js,30142,
8e7c4850d0e2e0d0982b675157582475bcf8157b,DELETE,regular-file,.next/server/app/dashboard/user/page.js,3641,
ff4f2506d12227bcc7d9dee0ea3bb910c4238a4e,DELETE,regular-file,.next/server/app/dashboard/user/page.js.nft.json,9573,
85f5794e18b6f6639010345988072e89c3c2e31e,DELETE,regular-file,.next/server/app/dashboard/user/page_client-reference-manifest.js,32956,
84281e487bacd11608b4d9f3ccae41e9e70e6233,DELETE,regular-file,.next/server/app/dashboard/user/vaccination.html,8530,
9f78a11c938c0f61cccbcbbcb66e80b905fa549b,DELETE,regular-file,.next/server/app/dashboard/user/vaccination.meta,289,
cc79068677734cf1a50404627f44f3182925864a,DELETE,regular-file,.next/server/app/dashboard/user/vaccination.rsc,5404,
4189b7fe7ae1a129145b02721807ec0a4d9a52b3,DELETE,regular-file,.next/server/app/dashboard/user/vaccination/page.js,3726,
6a9dddf33c526dbbaff4bad6c5dc115498b55fe7,DELETE,regular-file,.next/server/app/dashboard/user/vaccination/page.js.nft.json,9917,
1052e33ef609153b05e47dc7649cf9754f90334a,DELETE,regular-file,.next/server/app/dashboard/user/vaccination/page_client-reference-manifest.js,30492,
e336349f96f7be3dff0d8dd8378876690154d0d6,DELETE,regular-file,.next/server/app/dashboard/vaccination.html,7670,
f504294bb1c7baf4e84445af36f2874389436feb,DELETE,regular-file,.next/server/app/dashboard/vaccination.meta,246,
842358356b80fa8b692eb7574810ff125537ebe0,DELETE,regular-file,.next/server/app/dashboard/vaccination.rsc,4790,
2a8f0de8bd51abcf1aa808302dac0d5b20d1d627,DELETE,regular-file,.next/server/app/dashboard/vaccination/page.js,41991,
ba11cb356fe93f151e7d0c28fbf66b861fdd1186,DELETE,regular-file,.next/server/app/dashboard/vaccination/page.js.nft.json,9403,
d3ba19964d1b15174ea1278aacc22f6730270b97,DELETE,regular-file,.next/server/app/dashboard/vaccination/page_client-reference-manifest.js,12688,
019e91e0ab2fdd11ecc7c43334da753a8d1b02c9,DELETE,regular-file,.next/server/app/page.js,3204,
a8696ba33f00eef79a9f0a0c1598d24c5641f19a,DELETE,regular-file,.next/server/app/page.js.nft.json,8671,
d99030f1ad1399e40aa239ade498511c0af6e826,DELETE,regular-file,.next/server/app/page_client-reference-manifest.js,23595,
cfdba8c397edc4b75c78e7747bb1cf60bc6a7b67,DELETE,regular-file,.next/server/chunks/1692.js,31313,
b770ede525202dd81096bd75bc13b1d31b0a42f0,DELETE,regular-file,.next/server/chunks/3225.js,10693,
45c9f4acce95b96fccb12de826f5aba783ebbb76,DELETE,regular-file,.next/server/chunks/3285.js,257828,
df81f68b98eb76d215c845425afa2dd252b7e3a7,DELETE,regular-file,.next/server/chunks/3430.js,11924,
318a3626c10aae3f0dc2c0fa2e843d8a39946da1,DELETE,regular-file,.next/server/chunks/3991.js,70063,
0a87a37195ca3b1f179b02aa3e0350e7dfd253df,DELETE,regular-file,.next/server/chunks/4410.js,10755,
5d40102ce0f2b1adfd07f96a6dc0232dd86f4bd2,DELETE,regular-file,.next/server/chunks/4454.js,8753,
f14fa5bda1024ad5840a3b138dece02b5943697b,DELETE,regular-file,.next/server/chunks/4488.js,125638,
8d7f7b00644fe3e68cbd6228a1a978798af65b8d,DELETE,regular-file,.next/server/chunks/4515.js,13776,
fbc1a15e089db772eeaa7507530282332edf14b7,DELETE,regular-file,.next/server/chunks/4586.js,125934,
05b41167a218b6140848dc5dc38b680be0bea573,DELETE,regular-file,.next/server/chunks/4608.js,9019,
4b826db5ce883352ec60c69a40f4dce992d17d86,DELETE,regular-file,.next/server/chunks/5576.js,42581,
fbd6c6dd437fb8074e33ad84ea5ea4e04479e4b6,DELETE,regular-file,.next/server/chunks/5611.js,68989,
2460c84c6112ab900c2d47ff7cebc4f2e311894e,DELETE,regular-file,.next/server/chunks/6396.js,16830,
de885fb1d3c2cd4cefc489b3fa6c70dfe10006f5,DELETE,regular-file,.next/server/chunks/6802.js,7681,
8a1b75f61e0248b616b5c952c659a7cff153119c,DELETE,regular-file,.next/server/chunks/6816.js,16824,
0724bb37476613ddcd6e1017f2db2db121cac103,DELETE,regular-file,.next/server/chunks/71.js,25908,
944505c3d667521e3fad6a1887cef19ba9ea5a99,DELETE,regular-file,.next/server/chunks/7330.js,9157,
74608414379ac312e9670eaba0ddf28eac58f20a,DELETE,regular-file,.next/server/chunks/7802.js,14857,
5645299b7541681be3d9adf55d984cba594a7656,DELETE,regular-file,.next/server/chunks/8246.js,22248,
5af3b325da4d73d1a5cc4a42ff56553ad5aeb237,DELETE,regular-file,.next/server/chunks/8693.js,25259,
e66fde95b013044a9e0fff6c6acdf25c8fc3bef4,DELETE,regular-file,.next/server/edge-runtime-webpack.js,1519,
7f6ebe6109c1a7378c8270dd2b9adf24da2fa6f4,DELETE,regular-file,.next/server/edge-runtime-webpack.js.map,6153,
e685b82ec8cd943ded2eaef9c1de7c0a9958eab6,DELETE,regular-file,.next/server/functions-config-manifest.json,37,
24f77ba74f79609fc4cf4cc495a629f822a5fd0d,DELETE,regular-file,.next/server/interception-route-rewrite-manifest.js,48,
392fe02d3f753261b168c76909558f0896db2cc3,DELETE,regular-file,.next/server/middleware-build-manifest.js,1042,
d3c5412138c6842f7f0e4147c25baa8b36b0b28c,DELETE,regular-file,.next/server/middleware-manifest.json,1241,
77ca9aa2f2b6f3f4dac47a4e02d9321df8097892,DELETE,regular-file,.next/server/middleware-react-loadable-manifest.js,843,
e2c117517b8f9f3bf4f73fdc0db56e539d7a7d46,DELETE,regular-file,.next/server/next-font-manifest.js,557,
a88af21d611f457a835e943dbc6435855e35b242,DELETE,regular-file,.next/server/next-font-manifest.json,495,
9e26dfeeb6e641a33dae4961196235bdb965b21b,DELETE,regular-file,.next/server/pages-manifest.json,2,
bbf058eb9ade60a1b52d22fc8fb3ee1530a1bd0b,DELETE,regular-file,.next/server/pages/404.html,6682,
4d0af78a081baaf0ef9cff768289d28a02c4154a,DELETE,regular-file,.next/server/pages/500.html,2007,
70f5325667c66c9c371524e54144b821ed0696a7,DELETE,regular-file,.next/server/pages/_app.js,326,
6391d0563e7fddcf8f8e9459db085420e9552c1c,DELETE,regular-file,.next/server/pages/_app.js.nft.json,539,
0609da5e903031ce207f4785cc5fc990a4c6ed6c,DELETE,regular-file,.next/server/pages/_document.js,391,
632e1c4dd7abc59661018a065722a4c826fe160f,DELETE,regular-file,.next/server/pages/_document.js.nft.json,3939,
78951624488a6f2f1150a34ca652063570e7b111,DELETE,regular-file,.next/server/pages/_error.js,1219,
8687bd94030be9f8d7b085c3e070500719ec7b21,DELETE,regular-file,.next/server/pages/_error.js.nft.json,3907,
af19bccb8383c74804ef54b231aafa13e417586b,DELETE,regular-file,.next/server/server-reference-manifest.js,138,
da5d5416d6ce96e9937c54b53853aa7639db6d2b,DELETE,regular-file,.next/server/server-reference-manifest.json,97,
109be5d0818c9ac2ea547dd8cb00a79f813d153a,DELETE,regular-file,.next/server/src/middleware.js,238445,
e2192423c463ce7477af0fdf6d66c71736bed396,DELETE,regular-file,.next/server/src/middleware.js.map,842671,
c31a350babf5e5c23e3cee6c2090664f9d69b8e2,DELETE,regular-file,.next/server/webpack-runtime.js,1498,
307523b36d779794e39c3dbf52305a2a83d481a8,DELETE,regular-file,.next/standalone/Documents/wecare-web/.env,304,
8c3231d013985a3125907650946e36fc1bde59c7,DELETE,regular-file,.next/standalone/Documents/wecare-web/.next/BUILD_ID,21,
409fdcd8ab8765cb1288fb8008f14ad8b6eadc23,DELETE,regular-file,.next/standalone/Documents/wecare-web/.next/app-build-manifest.json,15908,
88b4ff10ba6aaa4aa5794d28b69f40a0c7406c99,DELETE,regular-file,.next/standalone/Documents/wecare-web/.next/app-path-routes-manifest.json,1826,
70e9302870fc83466b5ad6fb1f6193509296d739,DELETE,regular-file,.next/standalone/Documents/wecare-web/.next/build-manifest.json,996,
7156107e3aec28c4f7cea055e4cd67b6cc1e828c,DELETE,regular-file,.next/standalone/Documents/wecare-web/.next/package.json,20,
fb9b601db0774d4513591b7cfe8ff4870c9e5b44,DELETE,regular-file,.next/standalone/Documents/wecare-web/.next/prerender-manifest.json,14028,
60de19bc68f53b76e763d605ffe8de1ce0ef4805,DELETE,regular-file,.next/standalone/Documents/wecare-web/.next/react-loadable-manifest.json,876,
945e3e6e0242f90f9f1cf88085695d23dd6346bb,DELETE,regular-file,.next/standalone/Documents/wecare-web/.next/required-server-files.json,9267,
17641cfbdb1bf5d6bab26c7f3277f917c11b302d,DELETE,regular-file,.next/standalone/Documents/wecare-web/.next/routes-manifest.json,5444,
b3dff7d59c3752d45fbc066beb411b98ab2f8da2,DELETE,regular-file,.next/standalone/Documents/wecare-web/.next/server/app-paths-manifest.json,2196,
bbf058eb9ade60a1b52d22fc8fb3ee1530a1bd0b,DELETE,regular-file,.next/standalone/Documents/wecare-web/.next/server/app/_not-found.html,6682,
8df490ee9b6b61f09a601f266b6e95a2bb88cfbb,DELETE,regular-file,.next/standalone/Documents/wecare-web/.next/server/app/_not-found.meta,207,
4278860006b5fef26a4f0dae39a7998937db9c0f,DELETE,regular-file,.next/standalone/Documents/wecare-web/.next/server/app/_not-found.rsc,3645,
21ac3373cbf02f77288c5b549465d3556a381b6d,DELETE,regular-file,.next/standalone/Documents/wecare-web/.next/server/app/_not-found/page.js,18846,
5f8d47c3e2b0e84f9095fa8d8762caf88507e5a0,DELETE,regular-file,.next/standalone/Documents/wecare-web/.next/server/app/_not-found/page.js.nft.json,3870,
54c5b20d5ad06189c6e46165aee49cf1bf3ac849,DELETE,regular-file,.next/standalone/Documents/wecare-web/.next/server/app/_not-found/page_client-reference-manifest.js,11973,
a6bccd1862a4c0e49a190d254e521c631f626db5,DELETE,regular-file,.next/standalone/Documents/wecare-web/.next/server/app/api/appointments/route.js,8776,
25b20308ee42054b13fb8d5520bafc28bdff95d7,DELETE,regular-file,.next/standalone/Documents/wecare-web/.next/server/app/api/appointments/route.js.nft.json,9382,
4d23a9740ed31ca62521650267408c5468735aad,DELETE,regular-file,.next/standalone/Documents/wecare-web/.next/server/app/api/appointments/route_client-reference-manifest.js,11988,
75f986e18edb0f5bf1da77ad91d05d470c4c7dea,DELETE,regular-file,.next/standalone/Documents/wecare-web/.next/server/app/api/auth/register/route.js,8130,
c0cd1cc54d37a784e74551d1ef5fabf5e4d029a4,DELETE,regular-file,.next/standalone/Documents/wecare-web/.next/server/app/api/auth/register/route.js.nft.json,9766,
a9a167b91fda10f17cae06c4bf30ce7254453e20,DELETE,regular-file,.next/standalone/Documents/wecare-web/.next/server/app/api/auth/register/route_client-reference-manifest.js,11991,
f382260b4b9b80840cd5ae1b937a5be68db59d21,DELETE,regular-file,.next/standalone/Documents/wecare-web/.next/server/app/api/auth/signup/route.js,7352,
c0cd1cc54d37a784e74551d1ef5fabf5e4d029a4,DELETE,regular-file,.next/standalone/Documents/wecare-web/.next/server/app/api/auth/signup/route.js.nft.json,9766,
3f1229ef165e36edec79c7805d0d7c9a0c38ec9a,DELETE,regular-file,.next/standalone/Documents/wecare-web/.next/server/app/api/auth/signup/route_client-reference-manifest.js,11987,
2e4950667ef0fadff0a216a0e7334e7f1c670221,DELETE,regular-file,.next/standalone/Documents/wecare-web/.next/server/app/api/messages/conversations/route.js,9297,
e46b0eceedd278e1c3ffad9bf0c6a391d4507557,DELETE,regular-file,.next/standalone/Documents/wecare-web/.next/server/app/api/messages/conversations/route.js.nft.json,9766,
fe851d36b49d038bf920ec4499613c960cc60919,DELETE,regular-file,.next/standalone/Documents/wecare-web/.next/server/app/api/messages/conversations/route_client-reference-manifest.js,12086,
fe83c58a19109d5d5a0aab7f53a95baf3ab42bf9,DELETE,regular-file,.next/standalone/Documents/wecare-web/.next/server/app/api/messages/route.js,11915,
de6a8780d01f9e3ab8c371f46205f10f280a13d5,DELETE,regular-file,.next/standalone/Documents/wecare-web/.next/server/app/api/messages/route.js.nft.json,9382,
46c60148ca5bf00116c54f66649003e0d6013d78,DELETE,regular-file,.next/standalone/Documents/wecare-web/.next/server/app/api/messages/route_client-reference-manifest.js,11980,
07b464932ed732cf6acdc39b0f46aa14b5e6fcb6,DELETE,regular-file,.next/standalone/Documents/wecare-web/.next/server/app/api/register/route.js,9602,
a4533dea1b036a9f5573039459e648d70eab0a45,DELETE,regular-file,.next/standalone/Documents/wecare-web/.next/server/app/api/register/route.js.nft.json,9330,
fc5f9acf1e82befce03dd3495fdc3abb7b751bac,DELETE,regular-file,.next/standalone/Documents/wecare-web/.next/server/app/api/register/route_client-reference-manifest.js,11980,
75331e3b73b584ebea2ef3bfe512271048d1d71a,DELETE,regular-file,.next/standalone/Documents/wecare-web/.next/server/app/api/send-sms/route.js,2361326,
c44c8e0e6dd9568f1aa7954ac6a5e309c5d290df,DELETE,regular-file,.next/standalone/Documents/wecare-web/.next/server/app/api/send-sms/route.js.nft.json,4029,
4b5ac5c20133d70662fb4a57bb22d46d025dc312,DELETE,regular-file,.next/standalone/Documents/wecare-web/.next/server/app/api/send-sms/route_client-reference-manifest.js,11980,
ef74eef5cbb731a395c17518f662d04e92aaaf27,DELETE,regular-file,.next/standalone/Documents/wecare-web/.next/server/app/api/update-profile/route.js,7678,
25b20308ee42054b13fb8d5520bafc28bdff95d7,DELETE,regular-file,.next/standalone/Documents/wecare-web/.next/server/app/api/update-profile/route.js.nft.json,9382,
83564a33a1cbb6fa9de38ce9c92c6e250558f02f,DELETE,regular-file,.next/standalone/Documents/wecare-web/.next/server/app/api/update-profile/route_client-reference-manifest.js,11992,
86422f494eb410ea648367a8270aa53d9078a47b,DELETE,regular-file,.next/standalone/Documents/wecare-web/.next/server/app/auth/login.html,7284,
c65a48cc1aa2351a114858f479d595330b2ee6f8,DELETE,regular-file,.next/standalone/Documents/wecare-web/.next/server/app/auth/login.meta,208,
36d25b62dd192b0a544506c86052b955135a4b0b,DELETE,regular-file,.next/standalone/Documents/wecare-web/.next/server/app/auth/login.rsc,4498,
fd2a09238d95b02b1ce2e996021300d192cad889,DELETE,regular-file,.next/standalone/Documents/wecare-web/.next/server/app/auth/login/page.js,21367,
37614f67ea699c2b3ba1b4bd80c851b802f63a4d,DELETE,regular-file,.next/standalone/Documents/wecare-web/.next/server/app/auth/login/page.js.nft.json,9429,
d047b5feb384873b74c3105e328a91d500eb9533,DELETE,regular-file,.next/standalone/Documents/wecare-web/.next/server/app/auth/login/page_client-reference-manifest.js,12276,
4efbe90a9f56d546bd9d3ed1079aa7c86e6c086a,DELETE,regular-file,.next/standalone/Documents/wecare-web/.next/server/app/auth/register.html,7115,
a6140fd65f8921b8f9e386aa9f44ca257ef978a0,DELETE,regular-file,.next/standalone/Documents/wecare-web/.next/server/app/auth/register.meta,217,
8990e8fddf0b90e50a3d0de7c0431c1c91e6d2b5,DELETE,regular-file,.next/standalone/Documents/wecare-web/.next/server/app/auth/register.rsc,4412,
0f65f85168a6b86476fc181bc6e17de6137c9f08,DELETE,regular-file,.next/standalone/Documents/wecare-web/.next/server/app/auth/register/page.js,38125,
e7a84121066c793b05fdb87d2dd8e03d04226b55,DELETE,regular-file,.next/standalone/Documents/wecare-web/.next/server/app/auth/register/page.js.nft.json,9405,
879c0a149efb1f9e6543223742bd4a1aa4cf9c4a,DELETE,regular-file,.next/standalone/Documents/wecare-web/.next/server/app/auth/register/page_client-reference-manifest.js,12188,
60f2d02c7bc23e30b1efd0a33e4f0c73f829659f,DELETE,regular-file,.next/standalone/Documents/wecare-web/.next/server/app/auth/update-password.html,10067,
9030a050416c64544e3557391ba4f903af5d4c7c,DELETE,regular-file,.next/standalone/Documents/wecare-web/.next/server/app/auth/update-password.meta,238,
b517010d6842feeee9b9ab6e58d6b982e513a058,DELETE,regular-file,.next/standalone/Documents/wecare-web/.next/server/app/auth/update-password.rsc,4441,
6e0ec1e0be597f7b4faccadc831529b548fe6e29,DELETE,regular-file,.next/standalone/Documents/wecare-web/.next/server/app/auth/update-password/page.js,19162,
63292c437347802375192584f492876fb35e082e,DELETE,regular-file,.next/standalone/Documents/wecare-web/.next/server/app/auth/update-password/page.js.nft.json,9403,
327a93d406f6774d964f6006f174db19076af326,DELETE,regular-file,.next/standalone/Documents/wecare-web/.next/server/app/auth/update-password/page_client-reference-manifest.js,12210,
e57fde374b02d0c981f8af01a0ff9d6d709cd3f4,DELETE,regular-file,.next/standalone/Documents/wecare-web/.next/server/app/dashboard/admin.html,8342,
97ab7fac1a5a100432cbecdef4ccf115a3b8da24,DELETE,regular-file,.next/standalone/Documents/wecare-web/.next/server/app/dashboard/admin.meta,228,
c26383753c83cdc2bb171b542865eca88e821071,DELETE,regular-file,.next/standalone/Documents/wecare-web/.next/server/app/dashboard/admin.rsc,5244,
5e0a8e63ee78ecdc43b7f55c96f0b2bb9406cd4d,DELETE,regular-file,.next/standalone/Documents/wecare-web/.next/server/app/dashboard/admin/appointments.html,9237,
9386c0824b1221a959274fdef10ce06fb309e829,DELETE,regular-file,.next/standalone/Documents/wecare-web/.next/server/app/dashboard/admin/appointments.meta,296,
333cc05e609ac0b3f286530ae5acdc14be398983,DELETE,regular-file,.next/standalone/Documents/wecare-web/.next/server/app/dashboard/admin/appointments.rsc,5816,
3ee141bb0f2d49f758ac74410ee6ad0aed7ac526,DELETE,regular-file,.next/standalone/Documents/wecare-web/.next/server/app/dashboard/admin/appointments/new.html,9439,
86a1373ff6f2c00dbc9339c9c4f2729f3786ea90,DELETE,regular-file,.next/standalone/Documents/wecare-web/.next/server/app/dashboard/admin/appointments/new.meta,350,
d1c504693584f1d0821d0444c2dc0ea2a4d334ca,DELETE,regular-file,.next/standalone/Documents/wecare-web/.next/server/app/dashboard/admin/appointments/new.rsc,6114,
60d5b3ddf23d86479ce99d8b214d2a64a2e43c4c,DELETE,regular-file,.next/standalone/Documents/wecare-web/.next/server/app/dashboard/admin/appointments/new/page.js,29323,
0ba22ebf752f6637c9bdb383aec3a6441e89eb00,DELETE,regular-file,.next/standalone/Documents/wecare-web/.next/server/app/dashboard/admin/appointments/new/page.js.nft.json,10331,
2c0e91febf32b2e481a83b9881397e55b14c1655,DELETE,regular-file,.next/standalone/Documents/wecare-web/.next/server/app/dashboard/admin/appointments/new/page_client-reference-manifest.js,13862,
e124f7ed754e83a217d3f93783a6604da10971c3,DELETE,regular-file,.next/standalone/Documents/wecare-web/.next/server/app/dashboard/admin/appointments/page.js,86785,
8e5be20013e38b136efe829b8fa0a157b115bd8c,DELETE,regular-file,.next/standalone/Documents/wecare-web/.next/server/app/dashboard/admin/appointments/page.js.nft.json,9961,
078f0f27d77f444b403fc71b6ff849a259914c93,DELETE,regular-file,.next/standalone/Documents/wecare-web/.next/server/app/dashboard/admin/appointments/page_client-reference-manifest.js,13484,
6aab470220ac771621a6f6222c2c46c69cc5a29c,DELETE,regular-file,.next/standalone/Documents/wecare-web/.next/server/app/dashboard/admin/appointments/send-message.html,9302,
df636929903ccfd7a9c0bdff071deeb925df2567,DELETE,regular-file,.next/standalone/Documents/wecare-web/.next/server/app/dashboard/admin/appointments/send-message.meta,377,
87b57061234c3994bd1eb9d776cabc705c1c721b,DELETE,regular-file,.next/standalone/Documents/wecare-web/.next/server/app/dashboard/admin/appointments/send-message.rsc,6054,
a03eddeef449bd3f085173263fc30a1512f7e0e8,DELETE,regular-file,.next/standalone/Documents/wecare-web/.next/server/app/dashboard/admin/appointments/send-message/page.js,31714,
ff8605a2bfe0961fbcda3010fe09d62dfd9e3380,DELETE,regular-file,.next/standalone/Documents/wecare-web/.next/server/app/dashboard/admin/appointments/send-message/page.js.nft.json,10235,
a7276390ba4074aafbb04211eb0f306540b048e9,DELETE,regular-file,.next/standalone/Documents/wecare-web/.next/server/app/dashboard/admin/appointments/send-message/page_client-reference-manifest.js,13793,
38a24a56245b836199231124741362b19821f04e,DELETE,regular-file,.next/standalone/Documents/wecare-web/.next/server/app/dashboard/admin/inventory.html,8963,
e6ad039721aefd81b47b37530fcc882a7ecc533e,DELETE,regular-file,.next/standalone/Documents/wecare-web/.next/server/app/dashboard/admin/inventory.meta,287,
16ba6e3a590ef4d199fece4ac44f5912e90aa5b4,DELETE,regular-file,.next/standalone/Documents/wecare-web/.next/server/app/dashboard/admin/inventory.rsc,5709,
f97053dd6dcbaec38c4f182a623356ea30b25984,DELETE,regular-file,.next/standalone/Documents/wecare-web/.next/server/app/dashboard/admin/inventory/page.js,30145,
31268d98d861adb1978819fe40fda9df3cd0c8b5,DELETE,regular-file,.next/standalone/Documents/wecare-web/.next/server/app/dashboard/admin/inventory/page.js.nft.json,9903,
e9ed06e70e9a21853a98dd8e9505ef31654c5bcf,DELETE,regular-file,.next/standalone/Documents/wecare-web/.next/server/app/dashboard/admin/inventory/page_client-reference-manifest.js,13380,
dee6c6dd512c00e3b461be06168374381ccdeb3c,DELETE,regular-file,.next/standalone/Documents/wecare-web/.next/server/app/dashboard/admin/messages.html,9218,
94c112eb3f4c5d4e58a493248ee60cfde8b53876,DELETE,regular-file,.next/standalone/Documents/wecare-web/.next/server/app/dashboard/admin/messages.meta,284,
48622270ed6c40a5757fdf4a07130c5752ff79a8,DELETE,regular-file,.next/standalone/Documents/wecare-web/.next/server/app/dashboard/admin/messages.rsc,5801,
48f14578a6638ad299f6c954f1feb9c4536b32ef,DELETE,regular-file,.next/standalone/Documents/wecare-web/.next/server/app/dashboard/admin/messages/page.js,28822,
db5d6a90588636533bd41ad9fdef135b6ca4d8b4,DELETE,regular-file,.next/standalone/Documents/wecare-web/.next/server/app/dashboard/admin/messages/page.js.nft.json,9961,
521deb5ae9d6480daf5f3c2f800230d4178984df,DELETE,regular-file,.next/standalone/Documents/wecare-web/.next/server/app/dashboard/admin/messages/page_client-reference-manifest.js,13473,
77faa45009bf7a200d9243c4f473196226ac51d3,DELETE,regular-file,.next/standalone/Documents/wecare-web/.next/server/app/dashboard/admin/page.js,26781,
b3aa3811980fb3582c26611644330dbafa915117,DELETE,regular-file,.next/standalone/Documents/wecare-web/.next/server/app/dashboard/admin/page.js.nft.json,9481,
e0ab5a8e49f796fb6a53bf6df9d5c14dbccaa205,DELETE,regular-file,.next/standalone/Documents/wecare-web/.next/server/app/dashboard/admin/page_client-reference-manifest.js,13011,
17b5f707cf7c03ddf2bfaa33b38e86bb498ccc36,DELETE,regular-file,.next/standalone/Documents/wecare-web/.next/server/app/dashboard/admin/patients.html,8958,
618ea8a8854aaced510da905da7ae0742502b191,DELETE,regular-file,.next/standalone/Documents/wecare-web/.next/server/app/dashboard/admin/patients.meta,284,
d7b3d8857b17814b12b006bec2c226d971a5d3f6,DELETE,regular-file,.next/standalone/Documents/wecare-web/.next/server/app/dashboard/admin/patients.rsc,5705,
7e118e2c114558a106b18c2f0f1ac1d2c81709a7,DELETE,regular-file,.next/standalone/Documents/wecare-web/.next/server/app/dashboard/admin/patients/page.js,26140,
31268d98d861adb1978819fe40fda9df3cd0c8b5,DELETE,regular-file,.next/standalone/Documents/wecare-web/.next/server/app/dashboard/admin/patients/page.js.nft.json,9903,
e41bcb28909143bea4c82d2e7a4f52b525ff3dbc,DELETE,regular-file,.next/standalone/Documents/wecare-web/.next/server/app/dashboard/admin/patients/page_client-reference-manifest.js,13377,
b639cac58dc91a5eaf3cc3541a4287559d536786,DELETE,regular-file,.next/standalone/Documents/wecare-web/.next/server/app/dashboard/admin/vaccination-cards.html,9133,
0ac4d86de329354c8d0959319fbd793ea67804e8,DELETE,regular-file,.next/standalone/Documents/wecare-web/.next/server/app/dashboard/admin/vaccination-cards.meta,311,
6e81c8d73a540a461d4a0c26bbc3e1b3e5d7942f,DELETE,regular-file,.next/standalone/Documents/wecare-web/.next/server/app/dashboard/admin/vaccination-cards.rsc,5789,
8bbc5ddf110446cfde2ade47cd5031ba8f041558,DELETE,regular-file,.next/standalone/Documents/wecare-web/.next/server/app/dashboard/admin/vaccination-cards/page.js,35473,
7b130f5055b1e01f256ddc450bbd29e8bc38a9de,DELETE,regular-file,.next/standalone/Documents/wecare-web/.next/server/app/dashboard/admin/vaccination-cards/page.js.nft.json,9932,
d68ad51d2ac25e2eb5ce78d26c45e8c1de2ee08d,DELETE,regular-file,.next/standalone/Documents/wecare-web/.next/server/app/dashboard/admin/vaccination-cards/page_client-reference-manifest.js,13452,
106b5e1a24347c74999138829dc7bd20f471b28d,DELETE,regular-file,.next/standalone/Documents/wecare-web/.next/server/app/dashboard/book.html,7374,
af2971377b534350cbce50f012cd89d93ddcb973,DELETE,regular-file,.next/standalone/Documents/wecare-web/.next/server/app/dashboard/book.meta,225,
22c2675993bd4c256735c03aee50ba9e99203981,DELETE,regular-file,.next/standalone/Documents/wecare-web/.next/server/app/dashboard/book.rsc,4665,
f288aa04995874b5eb25a021bcbfbcd64caa941d,DELETE,regular-file,.next/standalone/Documents/wecare-web/.next/server/app/dashboard/book/page.js,40631,
dd677e338416c4c85cd6a0c3b2962a879193f6b5,DELETE,regular-file,.next/standalone/Documents/wecare-web/.next/server/app/dashboard/book/page.js.nft.json,9353,
0deab7ffdfca102f91f0855af88062a898f99e49,DELETE,regular-file,.next/standalone/Documents/wecare-web/.next/server/app/dashboard/book/page_client-reference-manifest.js,12571,
7b44e34e9606cd311e38fe940db4e9ed50ac26da,DELETE,regular-file,.next/standalone/Documents/wecare-web/.next/server/app/dashboard/book/success.html,11643,
58259fe981133281b74b63a7952935cfd293c95e,DELETE,regular-file,.next/standalone/Documents/wecare-web/.next/server/app/dashboard/book/success.meta,277,
d6a6eb3cd92667684a627dfa9cc17c4ff01f5166,DELETE,regular-file,.next/standalone/Documents/wecare-web/.next/server/app/dashboard/book/success.rsc,8298,
7053f56f5fb0d5c32cdaad89cbd9f8ccdd24ce00,DELETE,regular-file,.next/standalone/Documents/wecare-web/.next/server/app/dashboard/book/success/page.js,23829,
ac0f66565ca519f6a725666cf2b68c1a0772b1c0,DELETE,regular-file,.next/standalone/Documents/wecare-web/.next/server/app/dashboard/book/success/page.js.nft.json,9832,
bf4300274db69440a756699a6f77077698b65c9c,DELETE,regular-file,.next/standalone/Documents/wecare-web/.next/server/app/dashboard/book/success/page_client-reference-manifest.js,12692,
74a962acab91e2f81ad8ae0ca14b427131a51701,DELETE,regular-file,.next/standalone/Documents/wecare-web/.next/server/app/dashboard/history/page.js,34387,
4ec6e368c873272542d2e38720be0b3da18c3cea,DELETE,regular-file,.next/standalone/Documents/wecare-web/.next/server/app/dashboard/history/page.js.nft.json,9497,
9dfebd0ba0b392c8b893e3b185eaf1d832e62e4b,DELETE,regular-file,.next/standalone/Documents/wecare-web/.next/server/app/dashboard/history/page_client-reference-manifest.js,12479,
de5500eea4eb3e33ef413b1f5c8f7397f2332f50,DELETE,regular-file,.next/standalone/Documents/wecare-web/.next/server/app/dashboard/messages.html,7915,
27981318c583dc96187d81d541199409deb591a2,DELETE,regular-file,.next/standalone/Documents/wecare-web/.next/server/app/dashboard/messages.meta,237,
f1da3c718d99d8abe7194cee300b3738dc7d2688,DELETE,regular-file,.next/standalone/Documents/wecare-web/.next/server/app/dashboard/messages.rsc,4874,
d87966f51cbb30d292329bed9764911939fa4e49,DELETE,regular-file,.next/standalone/Documents/wecare-web/.next/server/app/dashboard/messages/page.js,30786,
3cb6564fbad3debd6a919435b50462c6a19742e2,DELETE,regular-file,.next/standalone/Documents/wecare-web/.next/server/app/dashboard/messages/page.js.nft.json,9455,
56e3f4082eebf1205bf278e797543f446f44ac6f,DELETE,regular-file,.next/standalone/Documents/wecare-web/.next/server/app/dashboard/messages/page_client-reference-manifest.js,12775,
bf8421a7c6b5c4eca47911a0c2f0aa5e7892c67d,DELETE,regular-file,.next/standalone/Documents/wecare-web/.next/server/app/dashboard/page.js,35371,
a9a7cc62e8444adcc37e1e4caf3eb679d546bb35,DELETE,regular-file,.next/standalone/Documents/wecare-web/.next/server/app/dashboard/page.js.nft.json,9104,
02f6b9e1817b7740e796bb8066a70692bcc4ddad,DELETE,regular-file,.next/standalone/Documents/wecare-web/.next/server/app/dashboard/page_client-reference-manifest.js,12374,
b7056b72c8cb3dc87a4969d66bb491a31d3dc028,DELETE,regular-file,.next/standalone/Documents/wecare-web/.next/server/app/dashboard/user/about.html,8540,
7e0e14b5717eb903d8c324cc42d987397a67700c,DELETE,regular-file,.next/standalone/Documents/wecare-web/.next/server/app/dashboard/user/about.meta,271,
aecdae3f29b2cddd7a87e633a33a84fa66eacf54,DELETE,regular-file,.next/standalone/Documents/wecare-web/.next/server/app/dashboard/user/about.rsc,5420,
6744f27af69d943adcd2f4371618f0b7dc0e5276,DELETE,regular-file,.next/standalone/Documents/wecare-web/.next/server/app/dashboard/user/about/page.js,16711,
6a9dddf33c526dbbaff4bad6c5dc115498b55fe7,DELETE,regular-file,.next/standalone/Documents/wecare-web/.next/server/app/dashboard/user/about/page.js.nft.json,9917,
67dbe41dda92e2ddcbff3ca70f62c4423dc98f21,DELETE,regular-file,.next/standalone/Documents/wecare-web/.next/server/app/dashboard/user/about/page_client-reference-manifest.js,13254,
12a24a0003e4e6cc9f85740a657442a9d5f9b4be,DELETE,regular-file,.next/standalone/Documents/wecare-web/.next/server/app/dashboard/user/book.html,8361,
1335344b44ff1b9e1085ae5eae8f2ed45163ed69,DELETE,regular-file,.next/standalone/Documents/wecare-web/.next/server/app/dashboard/user/book.meta,268,
20c55980ebf8961253a2e07adc2e00ce4c15593c,DELETE,regular-file,.next/standalone/Documents/wecare-web/.next/server/app/dashboard/user/book.rsc,5255,
387b85e4a9b733fff89d514a7b083b3b5417407b,DELETE,regular-file,.next/standalone/Documents/wecare-web/.next/server/app/dashboard/user/book/page.js,34626,
fa5d77a9168b2a8b63b1a55ceef78bfc0f2f45fc,DELETE,regular-file,.next/standalone/Documents/wecare-web/.next/server/app/dashboard/user/book/page.js.nft.json,9845,
fc6ccd724eab89b83abd38e1c4ce836031062d1e,DELETE,regular-file,.next/standalone/Documents/wecare-web/.next/server/app/dashboard/user/book/page_client-reference-manifest.js,13557,
07c992ac14acacd972b02a61b8946e164ad23090,DELETE,regular-file,.next/standalone/Documents/wecare-web/.next/server/app/dashboard/user/history.html,8493,
1da3660e9261977e38a6110abde81ccb2976a7eb,DELETE,regular-file,.next/standalone/Documents/wecare-web/.next/server/app/dashboard/user/history.meta,277,
0f70aef5a45b9f9b7379646580931c63a12734d3,DELETE,regular-file,.next/standalone/Documents/wecare-web/.next/server/app/dashboard/user/history.rsc,5371,
11518617cd90042c45ede43789888e72ccbd0a0b,DELETE,regular-file,.next/standalone/Documents/wecare-web/.next/server/app/dashboard/user/history/page.js,16666,
6a9dddf33c526dbbaff4bad6c5dc115498b55fe7,DELETE,regular-file,.next/standalone/Documents/wecare-web/.next/server/app/dashboard/user/history/page.js.nft.json,9917,
efb6c87ad143e08f689ebb76bb4526a9e597dcaa,DELETE,regular-file,.next/standalone/Documents/wecare-web/.next/server/app/dashboard/user/history/page_client-reference-manifest.js,13260,
122f0595a53f8796514a1880f3bf9208c229964d,DELETE,regular-file,.next/standalone/Documents/wecare-web/.next/server/app/dashboard/user/messages.html,8433,
3dbfe499fe3c55875b3b0827bb086a86e55cd2d1,DELETE,regular-file,.next/standalone/Documents/wecare-web/.next/server/app/dashboard/user/messages.meta,280,
d0856a133dd2d2be32b227be7c8dde8541d147f2,DELETE,regular-file,.next/standalone/Documents/wecare-web/.next/server/app/dashboard/user/messages.rsc,5319,
5d0d6183d412bb45b275be139aa1a8632fd464ca,DELETE,regular-file,.next/standalone/Documents/wecare-web/.next/server/app/dashboard/user/messages/page.js,23748,
fa5d77a9168b2a8b63b1a55ceef78bfc0f2f45fc,DELETE,regular-file,.next/standalone/Documents/wecare-web/.next/server/app/dashboard/user/messages/page.js.nft.json,9845,
7b8f82a33232b90a3dd8faa26b041307be6fac46,DELETE,regular-file,.next/standalone/Documents/wecare-web/.next/server/app/dashboard/user/messages/page_client-reference-manifest.js,13617,
bdf29a3df13a373a46af207ae2554bd9b7522775,DELETE,regular-file,.next/standalone/Documents/wecare-web/.next/server/app/dashboard/user/page.js,30152,
ff4f2506d12227bcc7d9dee0ea3bb910c4238a4e,DELETE,regular-file,.next/standalone/Documents/wecare-web/.next/server/app/dashboard/user/page.js.nft.json,9573,
ec00e7de6102efc4ef6306ca0c2587b6498cd209,DELETE,regular-file,.next/standalone/Documents/wecare-web/.next/server/app/dashboard/user/page_client-reference-manifest.js,13157,
84281e487bacd11608b4d9f3ccae41e9e70e6233,DELETE,regular-file,.next/standalone/Documents/wecare-web/.next/server/app/dashboard/user/vaccination.html,8530,
9f78a11c938c0f61cccbcbbcb66e80b905fa549b,DELETE,regular-file,.next/standalone/Documents/wecare-web/.next/server/app/dashboard/user/vaccination.meta,289,
cc79068677734cf1a50404627f44f3182925864a,DELETE,regular-file,.next/standalone/Documents/wecare-web/.next/server/app/dashboard/user/vaccination.rsc,5404,
c86fd10392f6becc521dfb2886e0588ab0b59449,DELETE,regular-file,.next/standalone/Documents/wecare-web/.next/server/app/dashboard/user/vaccination/page.js,16707,
6a9dddf33c526dbbaff4bad6c5dc115498b55fe7,DELETE,regular-file,.next/standalone/Documents/wecare-web/.next/server/app/dashboard/user/vaccination/page.js.nft.json,9917,
e1172a7c7b99969d093996a87d81ccc06fed3fb6,DELETE,regular-file,.next/standalone/Documents/wecare-web/.next/server/app/dashboard/user/vaccination/page_client-reference-manifest.js,13272,
e336349f96f7be3dff0d8dd8378876690154d0d6,DELETE,regular-file,.next/standalone/Documents/wecare-web/.next/server/app/dashboard/vaccination.html,7670,
f504294bb1c7baf4e84445af36f2874389436feb,DELETE,regular-file,.next/standalone/Documents/wecare-web/.next/server/app/dashboard/vaccination.meta,246,
842358356b80fa8b692eb7574810ff125537ebe0,DELETE,regular-file,.next/standalone/Documents/wecare-web/.next/server/app/dashboard/vaccination.rsc,4790,
2a8f0de8bd51abcf1aa808302dac0d5b20d1d627,DELETE,regular-file,.next/standalone/Documents/wecare-web/.next/server/app/dashboard/vaccination/page.js,41991,
ba11cb356fe93f151e7d0c28fbf66b861fdd1186,DELETE,regular-file,.next/standalone/Documents/wecare-web/.next/server/app/dashboard/vaccination/page.js.nft.json,9403,
d3ba19964d1b15174ea1278aacc22f6730270b97,DELETE,regular-file,.next/standalone/Documents/wecare-web/.next/server/app/dashboard/vaccination/page_client-reference-manifest.js,12688,
c72a8cfec74315f9dd8400c6328282ad4169ad80,DELETE,regular-file,.next/standalone/Documents/wecare-web/.next/server/app/page.js,26149,
a8696ba33f00eef79a9f0a0c1598d24c5641f19a,DELETE,regular-file,.next/standalone/Documents/wecare-web/.next/server/app/page.js.nft.json,8671,
ed5b05e86a7256761f7decbc8ca55c3225c7b8c5,DELETE,regular-file,.next/standalone/Documents/wecare-web/.next/server/app/page_client-reference-manifest.js,11889,
cfdba8c397edc4b75c78e7747bb1cf60bc6a7b67,DELETE,regular-file,.next/standalone/Documents/wecare-web/.next/server/chunks/1692.js,31313,
b770ede525202dd81096bd75bc13b1d31b0a42f0,DELETE,regular-file,.next/standalone/Documents/wecare-web/.next/server/chunks/3225.js,10693,
45c9f4acce95b96fccb12de826f5aba783ebbb76,DELETE,regular-file,.next/standalone/Documents/wecare-web/.next/server/chunks/3285.js,257828,
df81f68b98eb76d215c845425afa2dd252b7e3a7,DELETE,regular-file,.next/standalone/Documents/wecare-web/.next/server/chunks/3430.js,11924,
318a3626c10aae3f0dc2c0fa2e843d8a39946da1,DELETE,regular-file,.next/standalone/Documents/wecare-web/.next/server/chunks/3991.js,70063,
0a87a37195ca3b1f179b02aa3e0350e7dfd253df,DELETE,regular-file,.next/standalone/Documents/wecare-web/.next/server/chunks/4410.js,10755,
5d40102ce0f2b1adfd07f96a6dc0232dd86f4bd2,DELETE,regular-file,.next/standalone/Documents/wecare-web/.next/server/chunks/4454.js,8753,
f14fa5bda1024ad5840a3b138dece02b5943697b,DELETE,regular-file,.next/standalone/Documents/wecare-web/.next/server/chunks/4488.js,125638,
8d7f7b00644fe3e68cbd6228a1a978798af65b8d,DELETE,regular-file,.next/standalone/Documents/wecare-web/.next/server/chunks/4515.js,13776,
fbc1a15e089db772eeaa7507530282332edf14b7,DELETE,regular-file,.next/standalone/Documents/wecare-web/.next/server/chunks/4586.js,125934,
05b41167a218b6140848dc5dc38b680be0bea573,DELETE,regular-file,.next/standalone/Documents/wecare-web/.next/server/chunks/4608.js,9019,
4b826db5ce883352ec60c69a40f4dce992d17d86,DELETE,regular-file,.next/standalone/Documents/wecare-web/.next/server/chunks/5576.js,42581,
fbd6c6dd437fb8074e33ad84ea5ea4e04479e4b6,DELETE,regular-file,.next/standalone/Documents/wecare-web/.next/server/chunks/5611.js,68989,
2460c84c6112ab900c2d47ff7cebc4f2e311894e,DELETE,regular-file,.next/standalone/Documents/wecare-web/.next/server/chunks/6396.js,16830,
de885fb1d3c2cd4cefc489b3fa6c70dfe10006f5,DELETE,regular-file,.next/standalone/Documents/wecare-web/.next/server/chunks/6802.js,7681,
8a1b75f61e0248b616b5c952c659a7cff153119c,DELETE,regular-file,.next/standalone/Documents/wecare-web/.next/server/chunks/6816.js,16824,
0724bb37476613ddcd6e1017f2db2db121cac103,DELETE,regular-file,.next/standalone/Documents/wecare-web/.next/server/chunks/71.js,25908,
944505c3d667521e3fad6a1887cef19ba9ea5a99,DELETE,regular-file,.next/standalone/Documents/wecare-web/.next/server/chunks/7330.js,9157,
74608414379ac312e9670eaba0ddf28eac58f20a,DELETE,regular-file,.next/standalone/Documents/wecare-web/.next/server/chunks/7802.js,14857,
5645299b7541681be3d9adf55d984cba594a7656,DELETE,regular-file,.next/standalone/Documents/wecare-web/.next/server/chunks/8246.js,22248,
5af3b325da4d73d1a5cc4a42ff56553ad5aeb237,DELETE,regular-file,.next/standalone/Documents/wecare-web/.next/server/chunks/8693.js,25259,
e66fde95b013044a9e0fff6c6acdf25c8fc3bef4,DELETE,regular-file,.next/standalone/Documents/wecare-web/.next/server/edge-runtime-webpack.js,1519,
e685b82ec8cd943ded2eaef9c1de7c0a9958eab6,DELETE,regular-file,.next/standalone/Documents/wecare-web/.next/server/functions-config-manifest.json,37,
a8d245acce2292ec72031dd51a78dee7b0399a2b,DELETE,regular-file,.next/standalone/Documents/wecare-web/.next/server/middleware-build-manifest.js,922,
5f310b367ae650e4cbb98026e97e670e14d70e2c,DELETE,regular-file,.next/standalone/Documents/wecare-web/.next/server/middleware-manifest.json,1114,
77ca9aa2f2b6f3f4dac47a4e02d9321df8097892,DELETE,regular-file,.next/standalone/Documents/wecare-web/.next/server/middleware-react-loadable-manifest.js,843,
8267a5082ade0f7f80b9fe375f819ea4e8db14b1,DELETE,regular-file,.next/standalone/Documents/wecare-web/.next/server/next-font-manifest.js,106,
25f78e72b334089404d8a0d1203a7443cd0f3f69,DELETE,regular-file,.next/standalone/Documents/wecare-web/.next/server/next-font-manifest.json,77,
1a403dd2cd7485dd7c505170c3abf612a5d05660,DELETE,regular-file,.next/standalone/Documents/wecare-web/.next/server/pages-manifest.json,128,
bbf058eb9ade60a1b52d22fc8fb3ee1530a1bd0b,DELETE,regular-file,.next/standalone/Documents/wecare-web/.next/server/pages/404.html,6682,
4d0af78a081baaf0ef9cff768289d28a02c4154a,DELETE,regular-file,.next/standalone/Documents/wecare-web/.next/server/pages/500.html,2007,
22ac8f619f5ff177ae76c47dcb6e81339448ec12,DELETE,regular-file,.next/standalone/Documents/wecare-web/.next/server/pages/_app.js,3361,
6391d0563e7fddcf8f8e9459db085420e9552c1c,DELETE,regular-file,.next/standalone/Documents/wecare-web/.next/server/pages/_app.js.nft.json,539,
9ef5bc466435f985a223c4215e9ae0e25975a184,DELETE,regular-file,.next/standalone/Documents/wecare-web/.next/server/pages/_document.js,376,
632e1c4dd7abc59661018a065722a4c826fe160f,DELETE,regular-file,.next/standalone/Documents/wecare-web/.next/server/pages/_document.js.nft.json,3939,
63fabdcf58ed8d3fe9895f3452b2d8dae8ef9551,DELETE,regular-file,.next/standalone/Documents/wecare-web/.next/server/pages/_error.js,73110,
8687bd94030be9f8d7b085c3e070500719ec7b21,DELETE,regular-file,.next/standalone/Documents/wecare-web/.next/server/pages/_error.js.nft.json,3907,
399622cc479f43317425f7afa395b6d4cadbf094,DELETE,regular-file,.next/standalone/Documents/wecare-web/.next/server/server-reference-manifest.js,1171,
e4c9fdc0e705a9b7b1ae233b910343824e5a9ca4,DELETE,regular-file,.next/standalone/Documents/wecare-web/.next/server/server-reference-manifest.json,1024,
109be5d0818c9ac2ea547dd8cb00a79f813d153a,DELETE,regular-file,.next/standalone/Documents/wecare-web/.next/server/src/middleware.js,238445,
c31a350babf5e5c23e3cee6c2090664f9d69b8e2,DELETE,regular-file,.next/standalone/Documents/wecare-web/.next/server/webpack-runtime.js,1498,
e31f268c05f3483349ab63ce4128b1ed7f85316d,DELETE,regular-file,.next/standalone/Documents/wecare-web/package.json,2052,
a13a55ade240289f8b96cd84ccfe8452e70b42a2,DELETE,regular-file,.next/standalone/Documents/wecare-web/server.js,6566,
d6e3bea3d4c5308a23fcab785f4bf0c166f89cf4,DELETE,regular-file,.next/standalone/package.json,1091,
438a78bc07af2a1dabc13cc32a59d40250240c26,DELETE,regular-file,.next/static/chunks/1213-ac1d3d4643db53cc.js,49520,
887aea05f68540f11c4d6a78d895e0c2392b4117,DELETE,regular-file,.next/static/chunks/1255-8db7ca931cd2d2fe.js,171813,
9658242af67f8e01df2f50b221b5973b69052570,DELETE,regular-file,.next/static/chunks/1646.9bf9653d1e86ca95.js,5445,
908ea543cd53fb312a781a883d6b80adad97f610,DELETE,regular-file,.next/static/chunks/2619-6352ef9022ea9a44.js,8538,
14807281b3231b90b7584d0c1e6d0aec761c92e4,DELETE,regular-file,.next/static/chunks/2714-12ee0d4450cc27cb.js,24909,
7d9f3a94947ccba5a8a6175577acad2a20fd6990,DELETE,regular-file,.next/static/chunks/3485-14648a4c01ba4cb7.js,17208,
4dacf5d191b88d76f92acdd0662e49d50fbceb64,DELETE,regular-file,.next/static/chunks/4026-91417112df35acea.js,26331,
f615d9cd8790063a862abd17994a93a19252a066,DELETE,regular-file,.next/static/chunks/4909-8297e533a5e33787.js,24780,
9548ce21b3c51b7fd4d9bf45057db20aed687283,DELETE,regular-file,.next/static/chunks/4bd1b696-f785427dddbba9fb.js,173020,
c882cc70cb7acbc489f315d55e22e4e9057acdee,DELETE,regular-file,.next/static/chunks/5139.b476e18897c0900d.js,741,
51da6a4c322f97eb35420614269f582818071ace,DELETE,regular-file,.next/static/chunks/5239-8c21d5baec2121e0.js,14912,
1f3be7da6100248f61d57170371905b2422b761e,DELETE,regular-file,.next/static/chunks/5434-295458d097952bc1.js,6805,
08ab23984c80c11293413427d3cde3723fcb7be5,DELETE,regular-file,.next/static/chunks/7291-41cd6308d8f5fd22.js,6044,
77f14df48fcd9d5c7f5feac1b5eeb2e75bd3e8c3,DELETE,regular-file,.next/static/chunks/7559-8200d7a2bdfe827b.js,155513,
b69229b8efd45ab410576885d3cf1d8ad13036a5,DELETE,regular-file,.next/static/chunks/8720-e92a838f3ab24116.js,33956,
aa48c6978938596f53939ab690f1b72578d16a4c,DELETE,regular-file,.next/static/chunks/9331-618dd0ba1f3f1d60.js,56782,
e3f02c80163130b67491530fd3c9dc93e6561633,DELETE,regular-file,.next/static/chunks/9788-1d576f382f449b0a.js,16147,
e55e4558ec9823a9b3974099070be1c0d8e4e8cc,DELETE,regular-file,.next/static/chunks/app/_not-found/page-850eb05c79968f4e.js,2674,
10887f1a2beafc67c04bdb04bd7eae324da9e8d3,DELETE,regular-file,.next/static/chunks/app/api/appointments/route-17a45b20fdc87034.js,175,
10887f1a2beafc67c04bdb04bd7eae324da9e8d3,DELETE,regular-file,.next/static/chunks/app/api/auth/register/route-17a45b20fdc87034.js,175,
10887f1a2beafc67c04bdb04bd7eae324da9e8d3,DELETE,regular-file,.next/static/chunks/app/api/auth/signup/route-17a45b20fdc87034.js,175,
10887f1a2beafc67c04bdb04bd7eae324da9e8d3,DELETE,regular-file,.next/static/chunks/app/api/messages/conversations/route-17a45b20fdc87034.js,175,
10887f1a2beafc67c04bdb04bd7eae324da9e8d3,DELETE,regular-file,.next/static/chunks/app/api/messages/route-17a45b20fdc87034.js,175,
10887f1a2beafc67c04bdb04bd7eae324da9e8d3,DELETE,regular-file,.next/static/chunks/app/api/register/route-17a45b20fdc87034.js,175,
10887f1a2beafc67c04bdb04bd7eae324da9e8d3,DELETE,regular-file,.next/static/chunks/app/api/send-sms/route-17a45b20fdc87034.js,175,
10887f1a2beafc67c04bdb04bd7eae324da9e8d3,DELETE,regular-file,.next/static/chunks/app/api/update-profile/route-17a45b20fdc87034.js,175,
7920831fec16e3c181a40883f5ab02567702022f,DELETE,regular-file,.next/static/chunks/app/auth/login/page-2ec3ee9bf4b807ba.js,9607,
613aa72f1e455d266294b0121e932fbee8bbff97,DELETE,regular-file,.next/static/chunks/app/auth/register/page-51d0225420894a77.js,18399,
cfa58c0c81b23f46ca50202cdb7f1a29594b4a9c,DELETE,regular-file,.next/static/chunks/app/auth/update-password/page-07dbee966557e944.js,8125,
3a6e3092d982e3f26316551fa9afc9172b728c17,DELETE,regular-file,.next/static/chunks/app/dashboard/admin/appointments/send-message/page-004fd67c5fb2b6cb.js,8479,
0c9f9e5bd6da116e46e2cb2c98cdbe43afdd2d08,DELETE,regular-file,.next/static/chunks/app/dashboard/admin/layout-951ddafd5b3ece12.js,14143,
5b8149a7972f97bcf56bbb6fcca5f2478e3a487e,DELETE,regular-file,.next/static/chunks/app/dashboard/admin/page-9eaed909a435816d.js,15751,
d03befdf29066ddd6d54b08aa60ec6d0893fdc40,DELETE,regular-file,.next/static/chunks/app/dashboard/book/page-0dda156fd7492846.js,20448,
92dee0fe99632f9589eddff8e3b0a1a4e4699179,DELETE,regular-file,.next/static/chunks/app/dashboard/book/success/page-240a55d8b2a03d81.js,198,
92dee0fe99632f9589eddff8e3b0a1a4e4699179,DELETE,regular-file,.next/static/chunks/app/dashboard/history/page-240a55d8b2a03d81.js,198,
7ef1c9764d7763781e3c1f74d5ffe5a33afc3ddf,DELETE,regular-file,.next/static/chunks/app/dashboard/layout-2bf29af75e9bd965.js,2501,
3013a0932ecc01d78f595221c93398a2b8115ae6,DELETE,regular-file,.next/static/chunks/app/dashboard/messages/page-5093d40798023808.js,12178,
92dee0fe99632f9589eddff8e3b0a1a4e4699179,DELETE,regular-file,.next/static/chunks/app/dashboard/page-240a55d8b2a03d81.js,198,
fa90119cdd9795a090acac8d540674ee0620e47e,DELETE,regular-file,.next/static/chunks/app/dashboard/user/about/page-b343eb40b3371b91.js,213,
eb5b093c1ee93e3058474b057320549a03f92937,DELETE,regular-file,.next/static/chunks/app/dashboard/user/book/page-b9466cd67f0a7c35.js,18758,
fa90119cdd9795a090acac8d540674ee0620e47e,DELETE,regular-file,.next/static/chunks/app/dashboard/user/history/page-b343eb40b3371b91.js,213,
c7dd780e862bae8a8111b50a8dbde33e631a90ec,DELETE,regular-file,.next/static/chunks/app/dashboard/user/page-0f5a3300ada198be.js,247,
fa90119cdd9795a090acac8d540674ee0620e47e,DELETE,regular-file,.next/static/chunks/app/dashboard/user/vaccination/page-b343eb40b3371b91.js,213,
5b6f4b6765bbf1112d939164714275a4c0d8df5b,DELETE,regular-file,.next/static/chunks/app/dashboard/vaccination/page-11bc46b078cb7b87.js,21570,
2626e7a6601e146ac9c2a5e10a7ac311864e737b,DELETE,regular-file,.next/static/chunks/app/layout-455680c4fbf3efdb.js,2057,
10887f1a2beafc67c04bdb04bd7eae324da9e8d3,DELETE,regular-file,.next/static/chunks/app/page-17a45b20fdc87034.js,175,
de7daf9ca56c7f2ca85a774d8fbd64ca06cc9c1e,DELETE,regular-file,.next/static/chunks/framework-b9fffb5537caa07c.js,182717,
337a39534ef412254c0bebdb201bd682c3b137bc,DELETE,regular-file,.next/static/chunks/main-9a9669ee4264488b.js,121641,
4de9719bb91faecc28bd573de28fb2019d61d2aa,DELETE,regular-file,.next/static/chunks/main-app-cf42941e7c3c4956.js,560,
89572081d67b7102afe6ffbabf072caa6e58e0cf,DELETE,regular-file,.next/static/chunks/pages/_app-4cbac35aca544ae4.js,915,
66db22168564fa0f0542612d9fca11b41cf5f6f5,DELETE,regular-file,.next/static/chunks/pages/_error-4d7231fc459f21d7.js,5656,
ab422b94a4fbe76275d31c0bf7ef334768b39cae,DELETE,regular-file,.next/static/chunks/polyfills-42372ed130431b0a.js,112594,
628081d83d75a0fd4d5b6795a663cd574095c7ec,DELETE,regular-file,.next/static/chunks/webpack-5a1fdcc74073a380.js,3516,
27a83b0dcc299451104a8f8d61cf6a96d625d9e3,DELETE,regular-file,.next/static/css/a4060b27e4f029b7.css,53803,
aba2e8b521a38d3870ea04c7d9e9d550f76c2120,DELETE,regular-file,.next/static/media/4cf2300e9c8272f7-s.p.woff2,28388,
944424f972b9f9c985163da8096a25b214fa1983,DELETE,regular-file,.next/static/media/747892c23ea88013-s.woff2,13036,
eb8258cb183e80f57a9110c06e5dff44d15fc2c0,DELETE,regular-file,.next/static/media/8d697b304b401681-s.woff2,14676,
68eeb7f4bd4a789bc1600f76e6ebac0a0c170d46,DELETE,regular-file,.next/static/media/93f479601ee12b01-s.p.woff2,31288,
46efdbdbc828839112404c8285ab7e516a6cec45,DELETE,regular-file,.next/static/media/9610d9e46709d722-s.woff2,12608,
e36649933f3a206057fe1068cff2e5078f043c59,DELETE,regular-file,.next/static/media/ba015fad6dcf6784-s.woff2,15292,
2529939bde1de6b937c43aad87d1cfad33b2258a,DELETE,regular-file,.next/trace,895682,
6e23c3cce73f8e985a5273d1c082c42e5921fee2,DELETE,regular-file,.next/types/app/api/appointments/route.ts,8756,
c857f891ecb7dfa8b0c058f193d1a6ca168b0f84,DELETE,regular-file,.next/types/app/api/auth/register/route.ts,8765,
c58f8f13ea08b0322b8cf94287feba91dd808f3b,DELETE,regular-file,.next/types/app/api/auth/signup/route.ts,8759,
a0066dafc53acdbad48ab5060fc20fc8a28a5953,DELETE,regular-file,.next/types/app/api/messages/conversations/route.ts,8792,
36c6d3f9c5d20ef245d460992c26d12b6ca7724a,DELETE,regular-file,.next/types/app/api/messages/route.ts,8744,
f27fb5e3d6df8048100e91d530f17039b101b6a0,DELETE,regular-file,.next/types/app/api/register/route.ts,8744,
13a5d1a810c467207a40eb0df35ef97784f79054,DELETE,regular-file,.next/types/app/api/send-sms/route.ts,8744,
0a2b86a0e287eb8fd9dfddda7f0bc2238e576dc1,DELETE,regular-file,.next/types/app/api/update-profile/route.ts,8762,
be389cf6e1a9002fa29ad49ce8c06874908f2b4b,DELETE,regular-file,.next/types/app/auth/login/page.ts,3748,
163453c65c40d916e062b2af311b04b0e7e26c73,DELETE,regular-file,.next/types/app/auth/register/page.ts,3757,
dc0842c34e882e7a30e3727e88d2879a1c153daf,DELETE,regular-file,.next/types/app/auth/update-password/page.ts,3778,
19a26c17f606a0656af133b948c4f597e7217e6b,DELETE,regular-file,.next/types/app/dashboard/admin/appointments/new/page.ts,3826,
7d33319f07bd50c5fc01d9aff18b5c3d85fbff0b,DELETE,regular-file,.next/types/app/dashboard/admin/appointments/page.ts,3808,
f6232337bca59e4e51dcbeb2c2e77fad17c6a836,DELETE,regular-file,.next/types/app/dashboard/admin/appointments/send-message/page.ts,3853,
3da3c979a31c964158eb31f20f3a8537ed43efdc,DELETE,regular-file,.next/types/app/dashboard/admin/inventory/page.ts,3799,
9a4f3be1f8647264f0a81308e7306f2a67766bc5,DELETE,regular-file,.next/types/app/dashboard/admin/layout.ts,3775,
baa6dcabaeb97d7adb261f0ed6cc144682e9b276,DELETE,regular-file,.next/types/app/dashboard/admin/messages/page.ts,3796,
a1f9ea7ca3fbb477dd501a58442cb6333e43e3d2,DELETE,regular-file,.next/types/app/dashboard/admin/page.ts,3763,
2d88535e8adee2774696cd36a8d3b0b9f7dafc20,DELETE,regular-file,.next/types/app/dashboard/admin/patients/page.ts,3796,
6bb0320db2a040f72341c0d5ffc5f8ed0ce2395f,DELETE,regular-file,.next/types/app/dashboard/admin/vaccination-cards/page.ts,3823,
be0e4fa0f2b10e8e6de1327ca02987017b048ab9,DELETE,regular-file,.next/types/app/dashboard/book/page.ts,3768,
9e7138a85f7d2f959f413db4c02540d61d8bf344,DELETE,regular-file,.next/types/app/dashboard/book/success/page.ts,3798,
cc5c0c09b0082fedf215d674440a5324e9d09f34,DELETE,regular-file,.next/types/app/dashboard/history/page.ts,3769,
c2e43227c1f0272c2d2bce20390f21e41bfaa014,DELETE,regular-file,.next/types/app/dashboard/layout.ts,3751,
5e992664e83b1e346907179149833894737a3fee,DELETE,regular-file,.next/types/app/dashboard/messages/page.ts,3772,
195b9c3790aaf7dbd14d1acf2c07080ed4eb1306,DELETE,regular-file,.next/types/app/dashboard/page.ts,3739,
298945c980fa06e79d0a10f1fc5a37659a53d470,DELETE,regular-file,.next/types/app/dashboard/user/about/page.ts,3784,
158f7913aaf938f92b9c3d7e75d061ab59a8cc2f,DELETE,regular-file,.next/types/app/dashboard/user/book/page.ts,3781,
adf9acde571dc9d77b9c572fcb87a4057271dcd3,DELETE,regular-file,.next/types/app/dashboard/user/history/page.ts,3790,
bfa3d914ed0e2a1e812b5211ac8d0dad2090dc85,DELETE,regular-file,.next/types/app/dashboard/user/messages/page.ts,3793,
de5b5807dc3f11409630f8e1497f59962d638b5b,DELETE,regular-file,.next/types/app/dashboard/user/page.ts,3760,
e6dbe132acfa722970571c96bef5c62bd4490b7c,DELETE,regular-file,.next/types/app/dashboard/user/vaccination/page.ts,3802,
4872bafa257bc04f4fe0d771e9059a8c9b9de855,DELETE,regular-file,.next/types/app/dashboard/vaccination/page.ts,3781,
9fb1f04a9531b7633b81539bae68916ca16defe2,DELETE,regular-file,.next/types/app/layout.ts,3715,
c5d144ffaa0510162bee1cbaa7a4503d006ddb06,DELETE,regular-file,.next/types/app/page.ts,3703,
3353fc76600b152100e373360117e9f13bd65a19,DELETE,regular-file,.next/types/cache-life.d.ts,5863,
1632c2c4df6894a83b70fa949fb32a9d4881adf9,DELETE,regular-file,.next/types/package.json,18,
1c71d0bca8e341de724b5816928982a233d6d334,DELETE,regular-file,.next/types/routes.d.ts,3766,
fe72fd25541a0442d730f9c66680f20e5b78ff97,DELETE,regular-file,.next/types/validator.ts,9898,
